<?xml version="1.0" encoding="UTF-8"?>
<project-private xmlns="http://www.netbeans.org/ns/project-private/1">
    <editor-bookmarks xmlns="http://www.netbeans.org/ns/editor-bookmarks/2" lastBookmarkId="0"/>
    <open-files xmlns="http://www.netbeans.org/ns/projectui-open-files/2">
        <group>
            <file>file:/C:/Firebird/JAVA/SHOWROOM/src/ShowRoom/FileWork.java</file>
            <file>file:/C:/Firebird/JAVA/SHOWROOM/src/de/jeckle/RS2DOM/RS2DOM.java</file>
            <file>file:/C:/Firebird/JAVA/SHOWROOM/src/ShowRoom/ShowRoom.java</file>
            <file>file:/C:/Firebird/JAVA/SHOWROOM/Color.json</file>
            <file>file:/C:/Firebird/JAVA/SHOWROOM/Equip.json</file>
        </group>
    </open-files>
</project-private>
